{"name":"f0c6d173-81a7-492f-a34f-a4df67173cfe","id":"/providers/Microsoft.Flow/flows/f0c6d173-81a7-492f-a34f-a4df67173cfe","type":"Microsoft.Flow/flows","properties":{"apiId":"/providers/Microsoft.PowerApps/apis/shared_logicflows","displayName":"Move Message Center tasks","definition":{"metadata":{"workflowEntityId":null,"processAdvisorMetadata":null,"flowclientsuspensionreason":"None","flowclientsuspensiontime":null,"flowclientsuspensionreasondetails":null,"creator":{"id":"929e6ae4-373b-4c7d-86db-13002ebbb193","type":"User","tenantId":"d54c5376-e5cf-4688-b542-c79a54c4df63"},"provisioningMethod":"FromDefinition","failureAlertSubscription":true,"clientLastModifiedTime":"2022-12-01T19:55:41.4466334Z"},"$schema":"https://schema.management.azure.com/providers/Microsoft.Logic/schemas/2016-06-01/workflowdefinition.json#","contentVersion":"1.0.0.0","parameters":{"$connections":{"defaultValue":{},"type":"Object"},"$authentication":{"defaultValue":{},"type":"SecureObject"}},"triggers":{"manual":{"metadata":{"operationMetadataId":"72dbcf82-e7cf-43b0-ab70-b3f4ac3c4e84"},"type":"Request","kind":"Button","inputs":{"schema":{"type":"object","properties":{},"required":[]}}}},"actions":{"List_tasks":{"runAfter":{"Initialize_variable_2":["Succeeded"]},"metadata":{"operationMetadataId":"740512a9-1ba6-4c9c-91ec-c8bd79df7248"},"type":"OpenApiConnection","inputs":{"host":{"apiId":"/providers/Microsoft.PowerApps/apis/shared_planner","connectionName":"shared_planner","operationId":"ListTasks_V3"},"parameters":{"groupId":"1cc9328d-8358-4ac5-84c7-2e8424cb5173","id":"xxvnLbQjmEqk3o4zGKCCrGUAGZRH"},"authentication":{"value":"@json(decodeBase64(triggerOutputs().headers['X-MS-APIM-Tokens']))['$ConnectionKey']","type":"Raw"}}},"Apply_to_each":{"foreach":"@outputs('List_tasks')?['body/value']","actions":{"Condition":{"actions":{"Set_variable":{"runAfter":{},"metadata":{"operationMetadataId":"7fd2b11b-63a3-439b-bedc-1c6bd36e99a7"},"type":"SetVariable","inputs":{"name":"Service","value":"@{replace(replace(substring(items('Apply_to_each')?['title'], 0, indexOf(items('Apply_to_each')?['title'], ']')), '[', ''), ']', '')}"}},"List_buckets":{"runAfter":{"Apply_to_each_3":["Succeeded"]},"metadata":{"operationMetadataId":"cb1557b4-6e0a-4be4-9b73-5d43c67b80f1"},"type":"OpenApiConnection","inputs":{"host":{"apiId":"/providers/Microsoft.PowerApps/apis/shared_planner","connectionName":"shared_planner","operationId":"ListBuckets_V3"},"parameters":{"groupId":"1cc9328d-8358-4ac5-84c7-2e8424cb5173","id":"xxvnLbQjmEqk3o4zGKCCrGUAGZRH"},"authentication":{"value":"@json(decodeBase64(triggerOutputs().headers['X-MS-APIM-Tokens']))['$ConnectionKey']","type":"Raw"}}},"Apply_to_each_2":{"foreach":"@outputs('List_buckets')?['body/value']","actions":{"Condition_2":{"actions":{"Update_a_task_(V2)":{"runAfter":{},"metadata":{"operationMetadataId":"473b79c2-f9e1-426e-b45b-0eeaf8ae0840"},"type":"OpenApiConnection","inputs":{"host":{"apiId":"/providers/Microsoft.PowerApps/apis/shared_planner","connectionName":"shared_planner","operationId":"UpdateTask_V3"},"parameters":{"id":"@items('Apply_to_each')?['id']","body/bucketId":"@items('Apply_to_each_2')?['id']"},"authentication":{"value":"@json(decodeBase64(triggerOutputs().headers['X-MS-APIM-Tokens']))['$ConnectionKey']","type":"Raw"}}}},"runAfter":{},"expression":{"equals":["@items('Apply_to_each_2')?['name']","@variables('Service')"]},"metadata":{"operationMetadataId":"443b53d3-4700-42e1-80f0-1a739f15fc8c"},"type":"If"}},"runAfter":{"List_buckets":["Succeeded"]},"metadata":{"operationMetadataId":"b81bf153-f5af-4d3b-80a4-89a5b5624fe2"},"type":"Foreach"},"Get_items":{"runAfter":{"Set_variable":["Succeeded"]},"metadata":{"operationMetadataId":"a7312929-9650-43f6-8c25-166593931aa5"},"type":"OpenApiConnection","inputs":{"host":{"apiId":"/providers/Microsoft.PowerApps/apis/shared_sharepointonline","connectionName":"shared_sharepointonline","operationId":"GetItems"},"parameters":{"dataset":"https://m365x295741.sharepoint.com/sites/MicrosoftServicesChangeManagement","table":"83bd7680-97ad-421e-a256-633682701106","$filter":"Title eq '@{variables('Service')}'","$top":1},"authentication":{"value":"@json(decodeBase64(triggerOutputs().headers['X-MS-APIM-Tokens']))['$ConnectionKey']","type":"Raw"}}},"Apply_to_each_3":{"foreach":"@outputs('Get_items')?['body/value']","actions":{"Set_variable_2":{"runAfter":{},"metadata":{"operationMetadataId":"693315e2-a70c-4ba0-9aab-1c051043e24e"},"type":"SetVariable","inputs":{"name":"Service","value":"@items('Apply_to_each_3')?['BucketName']"}}},"runAfter":{"Get_items":["Succeeded"]},"metadata":{"operationMetadataId":"3dfc7e17-b034-47b1-a5b8-f47e63c2a302"},"type":"Foreach"}},"runAfter":{},"expression":{"equals":["@items('Apply_to_each')?['bucketId']","S2iLatMF70y_uk3asdN3N2UAHQvZ"]},"metadata":{"operationMetadataId":"29146a69-f700-4e28-8130-8c47d5728ec0"},"type":"If"}},"runAfter":{"List_tasks":["Succeeded"]},"metadata":{"operationMetadataId":"06ff3b7f-9ded-477a-ab59-5f3a1a119d95"},"type":"Foreach"},"Initialize_variable_2":{"runAfter":{},"metadata":{"operationMetadataId":"43a04d41-ff78-4e67-9a85-5d5211ad95aa"},"type":"InitializeVariable","inputs":{"variables":[{"name":"Service","type":"string","value":"[]"}]}}},"outputs":{}},"connectionReferences":{"shared_planner":{"connectionName":"shared-planner-3f59a837-91ca-433d-8172-43fd-9aeab279","source":"Invoker","id":"/providers/Microsoft.PowerApps/apis/shared_planner","tier":"NotSpecified"},"shared_sharepointonline":{"connectionName":"e24ea75b4f504864a2d2206eaf58e252","source":"Invoker","id":"/providers/Microsoft.PowerApps/apis/shared_sharepointonline","tier":"NotSpecified"}},"flowFailureAlertSubscribed":false,"isManaged":false}}