{"name":"f0c6d173-81a7-492f-a34f-a4df67173cfe","id":"/providers/Microsoft.Flow/flows/f0c6d173-81a7-492f-a34f-a4df67173cfe","type":"Microsoft.Flow/flows","properties":{"apiId":"/providers/Microsoft.PowerApps/apis/shared_logicflows","displayName":"Move Message Center tasks","definition":{"metadata":{"workflowEntityId":null,"flowclientsuspensionreason":"None","flowclientsuspensiontime":null,"creator":{"id":"929e6ae4-373b-4c7d-86db-13002ebbb193","type":"User","tenantId":"d54c5376-e5cf-4688-b542-c79a54c4df63"},"provisioningMethod":"FromDefinition","failureAlertSubscription":true,"clientLastModifiedTime":"2020-12-15T23:02:20.8495213Z"},"$schema":"https://schema.management.azure.com/providers/Microsoft.Logic/schemas/2016-06-01/workflowdefinition.json#","contentVersion":"1.0.0.0","parameters":{"$connections":{"defaultValue":{},"type":"Object"},"$authentication":{"defaultValue":{},"type":"SecureObject"}},"triggers":{"manual":{"type":"Request","kind":"Button","inputs":{"schema":{"type":"object","properties":{},"required":[]}}}},"actions":{"List_tasks":{"runAfter":{"Initialize_variable_2":["Succeeded"]},"type":"OpenApiConnection","inputs":{"host":{"apiId":"/providers/Microsoft.PowerApps/apis/shared_planner","connectionName":"shared_planner","operationId":"ListTasks_V3"},"parameters":{"groupId":"1cc9328d-8358-4ac5-84c7-2e8424cb5173","id":"xxvnLbQjmEqk3o4zGKCCrGUAGZRH"},"authentication":{"value":"@json(decodeBase64(triggerOutputs().headers['X-MS-APIM-Tokens']))['$ConnectionKey']","type":"Raw"}}},"Apply_to_each":{"foreach":"@outputs('List_tasks')?['body/value']","actions":{"Condition":{"actions":{"Set_variable":{"runAfter":{},"type":"SetVariable","inputs":{"name":"Service","value":"@{replace(replace(substring(items('Apply_to_each')?['title'], 0, indexOf(items('Apply_to_each')?['title'], ']')), '[', ''), ']', '')}"}},"List_buckets":{"runAfter":{"Set_variable":["Succeeded"]},"type":"OpenApiConnection","inputs":{"host":{"apiId":"/providers/Microsoft.PowerApps/apis/shared_planner","connectionName":"shared_planner","operationId":"ListBuckets_V3"},"parameters":{"groupId":"1cc9328d-8358-4ac5-84c7-2e8424cb5173","id":"xxvnLbQjmEqk3o4zGKCCrGUAGZRH"},"authentication":{"value":"@json(decodeBase64(triggerOutputs().headers['X-MS-APIM-Tokens']))['$ConnectionKey']","type":"Raw"}}},"Apply_to_each_2":{"foreach":"@outputs('List_buckets')?['body/value']","actions":{"Condition_2":{"actions":{"Update_a_task_(V2)":{"runAfter":{},"type":"OpenApiConnection","inputs":{"host":{"apiId":"/providers/Microsoft.PowerApps/apis/shared_planner","connectionName":"shared_planner","operationId":"UpdateTask_V3"},"parameters":{"id":"@items('Apply_to_each')?['id']","body/bucketId":"@items('Apply_to_each_2')?['id']"},"authentication":{"value":"@json(decodeBase64(triggerOutputs().headers['X-MS-APIM-Tokens']))['$ConnectionKey']","type":"Raw"}}}},"runAfter":{},"expression":{"equals":["@items('Apply_to_each_2')?['name']","@variables('Service')"]},"type":"If"}},"runAfter":{"List_buckets":["Succeeded"]},"type":"Foreach"}},"runAfter":{},"expression":{"equals":["@items('Apply_to_each')?['bucketId']","S2iLatMF70y_uk3asdN3N2UAHQvZ"]},"type":"If"}},"runAfter":{"List_tasks":["Succeeded"]},"type":"Foreach"},"Initialize_variable_2":{"runAfter":{},"type":"InitializeVariable","inputs":{"variables":[{"name":"Service","type":"string","value":"[]"}]}}},"outputs":{}},"connectionReferences":{"shared_planner":{"connectionName":"shared-planner-3f59a837-91ca-433d-8172-43fd-9aeab279","source":"Invoker","id":"/providers/Microsoft.PowerApps/apis/shared_planner","tier":"NotSpecified"}},"flowFailureAlertSubscribed":false}}