{"name":"d02cfb81-85f1-4ff3-b271-2ca9fa6271f1","id":"/providers/Microsoft.Flow/flows/d02cfb81-85f1-4ff3-b271-2ca9fa6271f1","type":"Microsoft.Flow/flows","properties":{"apiId":"/providers/Microsoft.PowerApps/apis/shared_logicflows","displayName":"Put Message Center posts in associated bucket","definition":{"metadata":{"workflowEntityId":null,"processAdvisorMetadata":null,"flowclientsuspensionreason":"None","flowclientsuspensiontime":null,"flowclientsuspensionreasondetails":null,"creator":{"id":"929e6ae4-373b-4c7d-86db-13002ebbb193","type":"User","tenantId":"d54c5376-e5cf-4688-b542-c79a54c4df63"},"provisioningMethod":"FromDefinition","failureAlertSubscription":true,"clientLastModifiedTime":"2022-11-30T22:27:45.8174318Z"},"$schema":"https://schema.management.azure.com/providers/Microsoft.Logic/schemas/2016-06-01/workflowdefinition.json#","contentVersion":"1.0.0.0","parameters":{"$connections":{"defaultValue":{},"type":"Object"},"$authentication":{"defaultValue":{},"type":"SecureObject"}},"triggers":{"When_a_new_task_is_created":{"recurrence":{"frequency":"Minute","interval":1},"splitOn":"@triggerOutputs()?['body/value']","metadata":{"operationMetadataId":"1c4820d0-0b8e-4a41-a219-41235f1cafbc"},"type":"OpenApiConnection","inputs":{"host":{"apiId":"/providers/Microsoft.PowerApps/apis/shared_planner","connectionName":"shared_planner","operationId":"OnNewTask_V3"},"parameters":{"groupId":"1cc9328d-8358-4ac5-84c7-2e8424cb5173","id":"xxvnLbQjmEqk3o4zGKCCrGUAGZRH"},"authentication":"@parameters('$authentication')"}}},"actions":{"List_buckets":{"runAfter":{"Apply_to_each_2":["Succeeded"]},"metadata":{"operationMetadataId":"178b093e-4771-456b-9f85-220ed1dca26c"},"type":"OpenApiConnection","inputs":{"host":{"apiId":"/providers/Microsoft.PowerApps/apis/shared_planner","connectionName":"shared_planner","operationId":"ListBuckets_V3"},"parameters":{"groupId":"1cc9328d-8358-4ac5-84c7-2e8424cb5173","id":"xxvnLbQjmEqk3o4zGKCCrGUAGZRH"},"authentication":"@parameters('$authentication')"}},"Apply_to_each":{"foreach":"@outputs('List_buckets')?['body/value']","actions":{"Condition":{"actions":{"Update_a_task_(V2)":{"runAfter":{},"metadata":{"operationMetadataId":"fcd9b046-4dee-4241-a8da-36927af70824"},"type":"OpenApiConnection","inputs":{"host":{"apiId":"/providers/Microsoft.PowerApps/apis/shared_planner","connectionName":"shared_planner","operationId":"UpdateTask_V3"},"parameters":{"id":"@triggerOutputs()?['body/id']","body/bucketId":"@items('Apply_to_each')?['id']","body/appliedCategories/category2":"@startsWith(variables('Category'), 'Prevent')","body/appliedCategories/category3":"@startsWith(variables('Category'), 'Plan')","body/appliedCategories/category4":"@startsWith(variables('Category'), 'Stay')"},"authentication":"@parameters('$authentication')"}}},"runAfter":{},"expression":{"equals":["@items('Apply_to_each')?['name']","@variables('Service')"]},"metadata":{"operationMetadataId":"f9574807-d5cd-4e60-8020-66df20bcece0"},"type":"If"}},"runAfter":{"List_buckets":["Succeeded"]},"metadata":{"operationMetadataId":"4f7e36b7-46d7-4b17-b184-f574e2b48559"},"type":"Foreach"},"Initialize_Service":{"runAfter":{"Get_task_details":["Succeeded"]},"metadata":{"operationMetadataId":"aed9c485-450c-4062-b6ac-031213971a8b"},"type":"InitializeVariable","inputs":{"variables":[{"name":"Service","type":"string","value":"[]"}]}},"Set_Service":{"runAfter":{"Set_Category":["Succeeded"]},"metadata":{"operationMetadataId":"5706dbf5-56a9-4949-978f-d319540fef71"},"type":"SetVariable","inputs":{"name":"Service","value":"@{replace(replace(substring(triggerOutputs()?['body/title'], 0, indexOf(triggerOutputs()?['body/title'], ']')), '[', ''), ']', '')}"}},"Initialize_Category":{"runAfter":{"Initialize_Service":["Succeeded"]},"metadata":{"operationMetadataId":"92872236-0b64-410e-a4a0-f0d2b81316cd"},"type":"InitializeVariable","inputs":{"variables":[{"name":"Category","type":"string"}]}},"Set_Category":{"runAfter":{"Initialize_Category":["Succeeded"]},"metadata":{"operationMetadataId":"dd95a5cf-875a-445a-a88d-13e1a246c995"},"type":"SetVariable","inputs":{"name":"Category","value":"@{split(outputs('Get_task_details')?['body/description'], 'Category: ')[1]}"}},"Get_task_details":{"runAfter":{},"metadata":{"operationMetadataId":"93f39aec-814c-4f88-a5d1-adf6a2b2d594"},"type":"OpenApiConnection","inputs":{"host":{"apiId":"/providers/Microsoft.PowerApps/apis/shared_planner","connectionName":"shared_planner","operationId":"GetTaskDetails_V2"},"parameters":{"id":"@triggerOutputs()?['body/id']"},"authentication":"@parameters('$authentication')"}},"Get_items":{"runAfter":{"Set_Service":["Succeeded"]},"metadata":{"operationMetadataId":"b5b79267-8bc3-4ca2-83ee-d0e041470d6c"},"type":"OpenApiConnection","inputs":{"host":{"apiId":"/providers/Microsoft.PowerApps/apis/shared_sharepointonline","connectionName":"shared_sharepointonline","operationId":"GetItems"},"parameters":{"dataset":"https://m365x295741.sharepoint.com/sites/MicrosoftServicesChangeManagement","table":"83bd7680-97ad-421e-a256-633682701106","$filter":"Title eq '@{variables('Service')}'","$top":1},"authentication":"@parameters('$authentication')"}},"Apply_to_each_2":{"foreach":"@outputs('Get_items')?['body/value']","actions":{"Set_Service_to_BucketName_from_mapping_list":{"runAfter":{},"metadata":{"operationMetadataId":"d2980284-8505-4ab0-b169-c90a8dc226c5"},"type":"SetVariable","inputs":{"name":"Service","value":"@items('Apply_to_each_2')?['BucketName']"}}},"runAfter":{"Get_items":["Succeeded"]},"metadata":{"operationMetadataId":"b1e178b7-7590-46fc-b65e-b2035f784ebe"},"type":"Foreach"}}},"connectionReferences":{"shared_planner":{"connectionName":"shared-planner-3f59a837-91ca-433d-8172-43fd-9aeab279","source":"Embedded","id":"/providers/Microsoft.PowerApps/apis/shared_planner","tier":"NotSpecified"},"shared_sharepointonline":{"connectionName":"e24ea75b4f504864a2d2206eaf58e252","source":"Embedded","id":"/providers/Microsoft.PowerApps/apis/shared_sharepointonline","tier":"NotSpecified"}},"flowFailureAlertSubscribed":false,"isManaged":false}}