{"name":"d02cfb81-85f1-4ff3-b271-2ca9fa6271f1","id":"/providers/Microsoft.Flow/flows/d02cfb81-85f1-4ff3-b271-2ca9fa6271f1","type":"Microsoft.Flow/flows","properties":{"apiId":"/providers/Microsoft.PowerApps/apis/shared_logicflows","displayName":"Put Message Center posts in associated bucket","definition":{"metadata":{"workflowEntityId":null,"flowclientsuspensionreason":"None","flowclientsuspensiontime":null,"creator":{"id":"929e6ae4-373b-4c7d-86db-13002ebbb193","type":"User","tenantId":"d54c5376-e5cf-4688-b542-c79a54c4df63"},"provisioningMethod":"FromDefinition","failureAlertSubscription":true,"clientLastModifiedTime":"2020-12-15T23:38:32.0691883Z"},"$schema":"https://schema.management.azure.com/providers/Microsoft.Logic/schemas/2016-06-01/workflowdefinition.json#","contentVersion":"1.0.0.0","parameters":{"$connections":{"defaultValue":{},"type":"Object"},"$authentication":{"defaultValue":{},"type":"SecureObject"}},"triggers":{"When_a_new_task_is_created":{"recurrence":{"frequency":"Minute","interval":5},"splitOn":"@triggerOutputs()?['body/value']","type":"OpenApiConnection","inputs":{"host":{"apiId":"/providers/Microsoft.PowerApps/apis/shared_planner","connectionName":"shared_planner","operationId":"OnNewTask_V3"},"parameters":{"groupId":"1cc9328d-8358-4ac5-84c7-2e8424cb5173","id":"xxvnLbQjmEqk3o4zGKCCrGUAGZRH"},"authentication":"@parameters('$authentication')"}}},"actions":{"List_buckets":{"runAfter":{"Set_Service":["Succeeded"]},"type":"OpenApiConnection","inputs":{"host":{"apiId":"/providers/Microsoft.PowerApps/apis/shared_planner","connectionName":"shared_planner","operationId":"ListBuckets_V3"},"parameters":{"groupId":"1cc9328d-8358-4ac5-84c7-2e8424cb5173","id":"xxvnLbQjmEqk3o4zGKCCrGUAGZRH"},"authentication":"@parameters('$authentication')"}},"Apply_to_each":{"foreach":"@outputs('List_buckets')?['body/value']","actions":{"Condition":{"actions":{"Update_a_task_(V2)":{"runAfter":{},"type":"OpenApiConnection","inputs":{"host":{"apiId":"/providers/Microsoft.PowerApps/apis/shared_planner","connectionName":"shared_planner","operationId":"UpdateTask_V3"},"parameters":{"id":"@triggerOutputs()?['body/id']","body/bucketId":"@items('Apply_to_each')?['id']","body/appliedCategories/category2":"@startsWith(variables('Category'), 'Prevent')","body/appliedCategories/category3":"@startsWith(variables('Category'), 'Plan')","body/appliedCategories/category4":"@startsWith(variables('Category'), 'Stay')"},"authentication":"@parameters('$authentication')"}}},"runAfter":{},"expression":{"equals":["@items('Apply_to_each')?['name']","@variables('Service')"]},"type":"If"}},"runAfter":{"List_buckets":["Succeeded"]},"type":"Foreach"},"Initialize_Service":{"runAfter":{"Get_task_details":["Succeeded"]},"type":"InitializeVariable","inputs":{"variables":[{"name":"Service","type":"string","value":"[]"}]}},"Set_Service":{"runAfter":{"Set_Category":["Succeeded"]},"type":"SetVariable","inputs":{"name":"Service","value":"@{replace(replace(substring(triggerOutputs()?['body/title'], 0, indexOf(triggerOutputs()?['body/title'], ']')), '[', ''), ']', '')}"}},"Initialize_Category":{"runAfter":{"Initialize_Service":["Succeeded"]},"type":"InitializeVariable","inputs":{"variables":[{"name":"Category","type":"string"}]}},"Set_Category":{"runAfter":{"Initialize_Category":["Succeeded"]},"type":"SetVariable","inputs":{"name":"Category","value":"@{split(outputs('Get_task_details')?['body/description'], 'Category: ')[1]}"}},"Get_task_details":{"runAfter":{},"type":"OpenApiConnection","inputs":{"host":{"apiId":"/providers/Microsoft.PowerApps/apis/shared_planner","connectionName":"shared_planner","operationId":"GetTaskDetails_V2"},"parameters":{"id":"@triggerOutputs()?['body/id']"},"authentication":"@parameters('$authentication')"}}}},"connectionReferences":{"shared_planner":{"connectionName":"shared-planner-3f59a837-91ca-433d-8172-43fd-9aeab279","source":"Embedded","id":"/providers/Microsoft.PowerApps/apis/shared_planner","tier":"NotSpecified"}},"flowFailureAlertSubscribed":false}}